Day,ExerciseType,PreWorkoutHR,PostWorkoutHR,Duration,Intensity
1,Running,70,150,30,7
2,Rest,70,70,0,0
3,Cycling,72,155,35,7
4,Strength,74,160,32,8
5,Rest,70,70,0,0
6,Running,73,158,28,6
7,Rest,70,70,0,0
8,Cycling,72,150,30,7
9,Pushups,71,140,25,6
10,Rest,70,70,0,0
11,Strength,74,165,35,8
12,Running,73,155,30,7
13,Rest,70,70,0,0
14,Cycling,72,150,32,7
15,Strength,73,160,30,7
16,Rest,70,70,0,0
17,Running,74,158,28,6
18,Pushups,72,150,25,6
19,Cycling,73,155,35,7
20,Rest,70,70,0,0
21,Running,75,165,40,8
