Day,ExerciseType,PreWorkoutHR,PostWorkoutHR,Duration,Intensity
1,Running,60,170,45,9
2,Cycling,58,165,40,8
3,HIIT,62,180,50,10
4,Strength,61,175,55,10
5,Running,59,168,48,9
6,Cycling,60,170,45,9
7,Rest,60,60,0,0
8,HIIT,63,178,60,10
9,Strength,62,175,55,10
10,Running,58,165,45,9
11,Cycling,60,170,50,9
12,HIIT,63,178,60,10
13,Strength,62,175,55,10
14,Running,59,168,48,9
15,Cycling,60,170,50,9
16,HIIT,63,178,60,10
17,Strength,62,176,55,10
18,Running,59,168,48,9
19,Cycling,58,165,45,8
20,HIIT,63,178,60,10
21,Strength,62,175,55,10
